{"cameraMode":{"drawMode":0,"name":"Shaded","section":"Shading Mode"},"sceneLighting":true,"audioPlay":false,"sceneViewState":{"m_AlwaysRefresh":false,"showFog":true,"showSkybox":true,"showFlares":true,"showImageEffects":true,"showParticleSystems":true,"showVisualEffectGraphs":true,"m_FxEnabled":true},"in2DMode":false,"pivot":{"x":10.478263854980469,"y":0.6886498332023621,"z":-18.169109344482423},"rotation":{"x":-0.0006466215709224343,"y":-0.7047716975212097,"z":0.0006236443296074867,"w":-0.7094447016716003},"size":6.413357734680176,"orthographic":false}